Source Server,Batch GUID,ROOTGUID,OrderId,Batch Name,Product Name,Batch Act Start,Batch Act End,Batch Transfer Time,Quantity,Material Name,Material Code,sp_prot,SetPoint Float,Actual Value Float,FormulaCategoryName
Server1,B9EB4497-6550-4F8A-830A-3518437D8920,9EB5AAF9-4EC2-4BC1-B78F-A2C697BCE705,4,BROILER GROWER 1603 3,BROILER GROWER 1,2026-06-24 06:55:50.197,2026-06-24 08:38:15.753,2026-06-24 08:39:19.847,4000,HY-Bond,111,1,8,0,Production Recipes
Server1,B9EB4497-6550-4F8A-830A-3518437D8920,9EB5AAF9-4EC2-4BC1-B78F-A2C697BCE705,4,BROILER GROWER 1603 3,BROILER GROWER 1,2026-06-24 06:55:50.197,2026-06-24 08:38:15.753,2026-06-24 08:39:19.847,4000,Maize,100,1,4907.2,0,Production Recipes
Server1,B9EB4497-6550-4F8A-830A-3518437D8920,9EB5AAF9-4EC2-4BC1-B78F-A2C697BCE705,4,BROILER GROWER 1603 3,BROILER GROWER 1,2026-06-24 06:55:50.197,2026-06-24 08:38:15.753,2026-06-24 08:39:19.847,4000,HERBIN,149,1,3.2,0,Production Recipes
Server1,B9EB4497-6550-4F8A-830A-3518437D8920,9EB5AAF9-4EC2-4BC1-B78F-A2C697BCE705,4,BROILER GROWER 1603 3,BROILER GROWER 1,2026-06-24 06:55:50.197,2026-06-24 08:38:15.753,2026-06-24 08:39:19.847,4000,Broiler Mineral Mix,31,100,7.2,4.0653939,Production Recipes
Server1,B9EB4497-6550-4F8A-830A-3518437D8920,9EB5AAF9-4EC2-4BC1-B78F-A2C697BCE705,4,BROILER GROWER 1603 3,BROILER GROWER 1,2026-06-24 06:55:50.197,2026-06-24 08:38:15.753,2026-06-24 08:39:19.847,4000,L-VALINE 98%,72,1,4,0,Production Recipes
Server1,B9EB4497-6550-4F8A-830A-3518437D8920,9EB5AAF9-4EC2-4BC1-B78F-A2C697BCE705,4,BROILER GROWER 1603 3,BROILER GROWER 1,2026-06-24 06:55:50.197,2026-06-24 08:38:15.753,2026-06-24 08:39:19.847,4000,L Threonine,60,1,10.4,0,Production Recipes
Server1,B9EB4497-6550-4F8A-830A-3518437D8920,9EB5AAF9-4EC2-4BC1-B78F-A2C697BCE705,4,BROILER GROWER 1603 3,BROILER GROWER 1,2026-06-24 06:55:50.197,2026-06-24 08:38:15.753,2026-06-24 08:39:19.847,4000,Broiler Starter PX,69,1,7.2,0,Production Recipes
Server1,B9EB4497-6550-4F8A-830A-3518437D8920,9EB5AAF9-4EC2-4BC1-B78F-A2C697BCE705,4,BROILER GROWER 1603 3,BROILER GROWER 1,2026-06-24 06:55:50.197,2026-06-24 08:38:15.753,2026-06-24 08:39:19.847,4000,Salt,202,1,20,0,Production Recipes
Server1,B9EB4497-6550-4F8A-830A-3518437D8920,9EB5AAF9-4EC2-4BC1-B78F-A2C697BCE705,4,BROILER GROWER 1603 3,BROILER GROWER 1,2026-06-24 06:55:50.197,2026-06-24 08:38:15.753,2026-06-24 08:39:19.847,4000,Monocalcium Phos,204,100,44,23.148152,Production Recipes
Server1,B9EB4497-6550-4F8A-830A-3518437D8920,9EB5AAF9-4EC2-4BC1-B78F-A2C697BCE705,4,BROILER GROWER 1603 3,BROILER GROWER 1,2026-06-24 06:55:50.197,2026-06-24 08:38:15.753,2026-06-24 08:39:19.847,4000,L Isoleucine,73,1,2.4,0,Production Recipes
Server1,B9EB4497-6550-4F8A-830A-3518437D8920,9EB5AAF9-4EC2-4BC1-B78F-A2C697BCE705,4,BROILER GROWER 1603 3,BROILER GROWER 1,2026-06-24 06:55:50.197,2026-06-24 08:38:15.753,2026-06-24 08:39:19.847,4000,TermiN-8,33,100,4,0,Production Recipes
Server1,B9EB4497-6550-4F8A-830A-3518437D8920,9EB5AAF9-4EC2-4BC1-B78F-A2C697BCE705,4,BROILER GROWER 1603 3,BROILER GROWER 1,2026-06-24 06:55:50.197,2026-06-24 08:38:15.753,2026-06-24 08:39:19.847,4000,Limestone,113,100,96,86.226807,Production Recipes
Server1,B9EB4497-6550-4F8A-830A-3518437D8920,9EB5AAF9-4EC2-4BC1-B78F-A2C697BCE705,4,BROILER GROWER 1603 3,BROILER GROWER 1,2026-06-24 06:55:50.197,2026-06-24 08:38:15.753,2026-06-24 08:39:19.847,4000,ROVABIO PhyPlus,75,1,0.8,0,Production Recipes
Server1,B9EB4497-6550-4F8A-830A-3518437D8920,9EB5AAF9-4EC2-4BC1-B78F-A2C697BCE705,4,BROILER GROWER 1603 3,BROILER GROWER 1,2026-06-24 06:55:50.197,2026-06-24 08:38:15.753,2026-06-24 08:39:19.847,4000,SOUDIOM Bicarbon,35,100,11.2,7.957176,Production Recipes
Server1,B9EB4497-6550-4F8A-830A-3518437D8920,9EB5AAF9-4EC2-4BC1-B78F-A2C697BCE705,4,BROILER GROWER 1603 3,BROILER GROWER 1,2026-06-24 06:55:50.197,2026-06-24 08:38:15.753,2026-06-24 08:39:19.847,4000,KENZYME PRO,77,100,2.4,1.34548639,Production Recipes
Server1,B9EB4497-6550-4F8A-830A-3518437D8920,9EB5AAF9-4EC2-4BC1-B78F-A2C697BCE705,4,BROILER GROWER 1603 3,BROILER GROWER 1,2026-06-24 06:55:50.197,2026-06-24 08:38:15.753,2026-06-24 08:39:19.847,4000,SOLIS,124,100,12,5.4832154,Production Recipes
Server1,B9EB4497-6550-4F8A-830A-3518437D8920,9EB5AAF9-4EC2-4BC1-B78F-A2C697BCE705,4,BROILER GROWER 1603 3,BROILER GROWER 1,2026-06-24 06:55:50.197,2026-06-24 08:38:15.753,2026-06-24 08:39:19.847,4000,SOYA-,105,1,2712,0,Production Recipes
Server1,B9EB4497-6550-4F8A-830A-3518437D8920,9EB5AAF9-4EC2-4BC1-B78F-A2C697BCE705,4,BROILER GROWER 1603 3,BROILER GROWER 1,2026-06-24 06:55:50.197,2026-06-24 08:38:15.753,2026-06-24 08:39:19.847,4000,BIOSTRONG 510,140,100,1.2,0.6394677,Production Recipes
Server1,B9EB4497-6550-4F8A-830A-3518437D8920,9EB5AAF9-4EC2-4BC1-B78F-A2C697BCE705,4,BROILER GROWER 1603 3,BROILER GROWER 1,2026-06-24 06:55:50.197,2026-06-24 08:38:15.753,2026-06-24 08:39:19.847,4000,Limestone,113,1,96,0,Production Recipes
Server1,B9EB4497-6550-4F8A-830A-3518437D8920,9EB5AAF9-4EC2-4BC1-B78F-A2C697BCE705,4,BROILER GROWER 1603 3,BROILER GROWER 1,2026-06-24 06:55:50.197,2026-06-24 08:38:15.753,2026-06-24 08:39:19.847,4000,Salt,202,100,20,10.99537,Production Recipes
Server1,B9EB4497-6550-4F8A-830A-3518437D8920,9EB5AAF9-4EC2-4BC1-B78F-A2C697BCE705,4,BROILER GROWER 1603 3,BROILER GROWER 1,2026-06-24 06:55:50.197,2026-06-24 08:38:15.753,2026-06-24 08:39:19.847,4000,SENITHETIC LYSIN,8,100,19.2,9.3750003,Production Recipes
Server1,B9EB4497-6550-4F8A-830A-3518437D8920,9EB5AAF9-4EC2-4BC1-B78F-A2C697BCE705,4,BROILER GROWER 1603 3,BROILER GROWER 1,2026-06-24 06:55:50.197,2026-06-24 08:38:15.753,2026-06-24 08:39:19.847,4000,Monocalcium Phos,204,1,44,0,Production Recipes
Server1,B9EB4497-6550-4F8A-830A-3518437D8920,9EB5AAF9-4EC2-4BC1-B78F-A2C697BCE705,4,BROILER GROWER 1603 3,BROILER GROWER 1,2026-06-24 06:55:50.197,2026-06-24 08:38:15.753,2026-06-24 08:39:19.847,4000,Provi Oxi Stop,21,100,0.8,4.288195,Production Recipes
Server1,B9EB4497-6550-4F8A-830A-3518437D8920,9EB5AAF9-4EC2-4BC1-B78F-A2C697BCE705,4,BROILER GROWER 1603 3,BROILER GROWER 1,2026-06-24 06:55:50.197,2026-06-24 08:38:15.753,2026-06-24 08:39:19.847,4000,L-VALINE 98%,72,100,4,3.333333,Production Recipes
Server1,B9EB4497-6550-4F8A-830A-3518437D8920,9EB5AAF9-4EC2-4BC1-B78F-A2C697BCE705,4,BROILER GROWER 1603 3,BROILER GROWER 1,2026-06-24 06:55:50.197,2026-06-24 08:38:15.753,2026-06-24 08:39:19.847,4000,BETAIN HCL,142,100,2.4,3.952546,Production Recipes
Server1,B9EB4497-6550-4F8A-830A-3518437D8920,9EB5AAF9-4EC2-4BC1-B78F-A2C697BCE705,4,BROILER GROWER 1603 3,BROILER GROWER 1,2026-06-24 06:55:50.197,2026-06-24 08:38:15.753,2026-06-24 08:39:19.847,4000,L Threonine,60,100,10.4,5.38194539,Production Recipes
Server1,B9EB4497-6550-4F8A-830A-3518437D8920,9EB5AAF9-4EC2-4BC1-B78F-A2C697BCE705,4,BROILER GROWER 1603 3,BROILER GROWER 1,2026-06-24 06:55:50.197,2026-06-24 08:38:15.753,2026-06-24 08:39:19.847,4000,Broiler Starter PX,69,100,7.2,5.35879609,Production Recipes
Server1,B9EB4497-6550-4F8A-830A-3518437D8920,9EB5AAF9-4EC2-4BC1-B78F-A2C697BCE705,4,BROILER GROWER 1603 3,BROILER GROWER 1,2026-06-24 06:55:50.197,2026-06-24 08:38:15.753,2026-06-24 08:39:19.847,4000,Methionine,12,1,29.6,0,Production Recipes
Server1,B9EB4497-6550-4F8A-830A-3518437D8920,9EB5AAF9-4EC2-4BC1-B78F-A2C697BCE705,4,BROILER GROWER 1603 3,BROILER GROWER 1,2026-06-24 06:55:50.197,2026-06-24 08:38:15.753,2026-06-24 08:39:19.847,4000,Rovabio Advance,74,1,0.4,0,Production Recipes
Server1,B9EB4497-6550-4F8A-830A-3518437D8920,9EB5AAF9-4EC2-4BC1-B78F-A2C697BCE705,4,BROILER GROWER 1603 3,BROILER GROWER 1,2026-06-24 06:55:50.197,2026-06-24 08:38:15.753,2026-06-24 08:39:19.847,4000,LYSOFORTE DRY,30,1,1.6,0,Production Recipes
Server1,B9EB4497-6550-4F8A-830A-3518437D8920,9EB5AAF9-4EC2-4BC1-B78F-A2C697BCE705,4,BROILER GROWER 1603 3,BROILER GROWER 1,2026-06-24 06:55:50.197,2026-06-24 08:38:15.753,2026-06-24 08:39:19.847,4000,L Isoleucine,73,100,2.4,1.420718,Production Recipes
Server1,B9EB4497-6550-4F8A-830A-3518437D8920,9EB5AAF9-4EC2-4BC1-B78F-A2C697BCE705,4,BROILER GROWER 1603 3,BROILER GROWER 1,2026-06-24 06:55:50.197,2026-06-24 08:38:15.753,2026-06-24 08:39:19.847,4000,Provi Oxi Stop,21,1,0.8,0,Production Recipes
Server1,B9EB4497-6550-4F8A-830A-3518437D8920,9EB5AAF9-4EC2-4BC1-B78F-A2C697BCE705,4,BROILER GROWER 1603 3,BROILER GROWER 1,2026-06-24 06:55:50.197,2026-06-24 08:38:15.753,2026-06-24 08:39:19.847,4000,SENITHETIC LYSIN,8,1,19.2,0,Production Recipes
Server1,B9EB4497-6550-4F8A-830A-3518437D8920,9EB5AAF9-4EC2-4BC1-B78F-A2C697BCE705,4,BROILER GROWER 1603 3,BROILER GROWER 1,2026-06-24 06:55:50.197,2026-06-24 08:38:15.753,2026-06-24 08:39:19.847,4000,BIOSTRONG 510,140,1,1.2,0,Production Recipes
Server1,B9EB4497-6550-4F8A-830A-3518437D8920,9EB5AAF9-4EC2-4BC1-B78F-A2C697BCE705,4,BROILER GROWER 1603 3,BROILER GROWER 1,2026-06-24 06:55:50.197,2026-06-24 08:38:15.753,2026-06-24 08:39:19.847,4000,SOUDIOM Bicarbon,35,1,11.2,0,Production Recipes
Server1,B9EB4497-6550-4F8A-830A-3518437D8920,9EB5AAF9-4EC2-4BC1-B78F-A2C697BCE705,4,BROILER GROWER 1603 3,BROILER GROWER 1,2026-06-24 06:55:50.197,2026-06-24 08:38:15.753,2026-06-24 08:39:19.847,4000,HERBIN,149,100,3.2,-0.5902779,Production Recipes
Server1,B9EB4497-6550-4F8A-830A-3518437D8920,9EB5AAF9-4EC2-4BC1-B78F-A2C697BCE705,4,BROILER GROWER 1603 3,BROILER GROWER 1,2026-06-24 06:55:50.197,2026-06-24 08:38:15.753,2026-06-24 08:39:19.847,4000,Methionine,12,100,29.6,15.0463,Production Recipes
Server1,B9EB4497-6550-4F8A-830A-3518437D8920,9EB5AAF9-4EC2-4BC1-B78F-A2C697BCE705,4,BROILER GROWER 1603 3,BROILER GROWER 1,2026-06-24 06:55:50.197,2026-06-24 08:38:15.753,2026-06-24 08:39:19.847,4000,SOLIS,124,1,12,0,Production Recipes
Server1,B9EB4497-6550-4F8A-830A-3518437D8920,9EB5AAF9-4EC2-4BC1-B78F-A2C697BCE705,4,BROILER GROWER 1603 3,BROILER GROWER 1,2026-06-24 06:55:50.197,2026-06-24 08:38:15.753,2026-06-24 08:39:19.847,4000,Maize,100,100,4907.2,2665.7989,Production Recipes
Server1,B9EB4497-6550-4F8A-830A-3518437D8920,9EB5AAF9-4EC2-4BC1-B78F-A2C697BCE705,4,BROILER GROWER 1603 3,BROILER GROWER 1,2026-06-24 06:55:50.197,2026-06-24 08:38:15.753,2026-06-24 08:39:19.847,4000,Soya Oil,210,100,84,42.25,Production Recipes
Server1,B9EB4497-6550-4F8A-830A-3518437D8920,9EB5AAF9-4EC2-4BC1-B78F-A2C697BCE705,4,BROILER GROWER 1603 3,BROILER GROWER 1,2026-06-24 06:55:50.197,2026-06-24 08:38:15.753,2026-06-24 08:39:19.847,4000,ROVABIO PhyPlus,75,100,0.8,0.729167,Production Recipes
Server1,B9EB4497-6550-4F8A-830A-3518437D8920,9EB5AAF9-4EC2-4BC1-B78F-A2C697BCE705,4,BROILER GROWER 1603 3,BROILER GROWER 1,2026-06-24 06:55:50.197,2026-06-24 08:38:15.753,2026-06-24 08:39:19.847,4000,HY-Bond,111,100,8,3.2986107,Production Recipes
Server1,B9EB4497-6550-4F8A-830A-3518437D8920,9EB5AAF9-4EC2-4BC1-B78F-A2C697BCE705,4,BROILER GROWER 1603 3,BROILER GROWER 1,2026-06-24 06:55:50.197,2026-06-24 08:38:15.753,2026-06-24 08:39:19.847,4000,SOYA-,105,100,2712,1443.8652952,Production Recipes
Server1,B9EB4497-6550-4F8A-830A-3518437D8920,9EB5AAF9-4EC2-4BC1-B78F-A2C697BCE705,4,BROILER GROWER 1603 3,BROILER GROWER 1,2026-06-24 06:55:50.197,2026-06-24 08:38:15.753,2026-06-24 08:39:19.847,4000,LYSOFORTE DRY,30,100,1.6,0.5107062,Production Recipes
Server1,B9EB4497-6550-4F8A-830A-3518437D8920,9EB5AAF9-4EC2-4BC1-B78F-A2C697BCE705,4,BROILER GROWER 1603 3,BROILER GROWER 1,2026-06-24 06:55:50.197,2026-06-24 08:38:15.753,2026-06-24 08:39:19.847,4000,Rovabio Advance,74,100,0.4,1.059028,Production Recipes
Server1,B9EB4497-6550-4F8A-830A-3518437D8920,9EB5AAF9-4EC2-4BC1-B78F-A2C697BCE705,4,BROILER GROWER 1603 3,BROILER GROWER 1,2026-06-24 06:55:50.197,2026-06-24 08:38:15.753,2026-06-24 08:39:19.847,4000,BETAIN HCL,142,1,2.4,0,Production Recipes
Server1,B9EB4497-6550-4F8A-830A-3518437D8920,9EB5AAF9-4EC2-4BC1-B78F-A2C697BCE705,4,BROILER GROWER 1603 3,BROILER GROWER 1,2026-06-24 06:55:50.197,2026-06-24 08:38:15.753,2026-06-24 08:39:19.847,4000,Broiler Mineral Mix,31,1,7.2,0,Production Recipes
Server1,B9EB4497-6550-4F8A-830A-3518437D8920,9EB5AAF9-4EC2-4BC1-B78F-A2C697BCE705,4,BROILER GROWER 1603 3,BROILER GROWER 1,2026-06-24 06:55:50.197,2026-06-24 08:38:15.753,2026-06-24 08:39:19.847,4000,KENZYME PRO,77,1,2.4,0,Production Recipes
